Filename,Category
Img1001.jpg,Teenagers
Img1017.jpg,Teenagers
Img1020.jpg,Teenagers
Img1025.jpg,Teenagers
Img1038.jpg,Teenagers
Img1064.jpg,Teenagers
Img1071.jpg,Teenagers
Img1073.jpg,Teenagers
Img1077.jpg,Teenagers
Img1090.jpg,Teenagers
Img1093.jpg,Teenagers
Img1109.jpg,Teenagers
Img1114.jpg,Adults
Img1115.jpg,Teenagers
Img1122.jpg,Teenagers
Img1136.jpg,Teenagers
Img1137.jpg,Teenagers
Img1153.jpg,Teenagers
Img1154.jpg,Teenagers
Img1155.jpg,Teenagers
Img1156.jpg,Teenagers
Img1157.jpg,Teenagers
Img1168.jpg,Teenagers
Img1175.jpg,Teenagers
Img1182.jpg,Teenagers
Img1183.jpg,Teenagers
Img1186.jpg,Teenagers
Img1208.jpg,Adults
Img1212.jpg,Teenagers
Img1248.jpg,Teenagers
Img1252.jpg,Teenagers
Img1270.jpg,Teenagers
Img1279.jpg,Adults
Img1283.jpg,Teenagers
Img1286.jpg,Teenagers
Img1288.jpg,Teenagers
Img1298.jpg,Teenagers
Img1304.jpg,Teenagers
Img1305.jpg,Teenagers
Img1310.jpg,Teenagers
Img1311.jpg,Teenagers
Img1331.jpg,Teenagers
Img1337.jpg,Teenagers
Img1338.jpg,Teenagers
Img1360.jpg,Teenagers
Img1369.jpg,Teenagers
Img1370.jpg,Teenagers
Img1382.jpg,Teenagers
Img1388.jpg,Teenagers
Img1389.jpg,Teenagers
Img1393.jpg,Teenagers
Img1401.jpg,Teenagers
Img1403.jpg,Teenagers
Img1415.jpg,Teenagers
Img1417.jpg,Adults
Img1439.jpg,Teenagers
Img1444.jpg,Teenagers
Img1448.jpg,Teenagers
Img1451.jpg,Teenagers
Img1466.jpg,Teenagers
Img1472.jpg,Teenagers
Img1474.jpg,Teenagers
Img1484.jpg,Teenagers
Img1488.jpg,Adults
Img1499.jpg,Teenagers
Img1530.jpg,Teenagers
Img1535.jpg,Teenagers
Img1541.jpg,Teenagers
Img1546.jpg,Teenagers
Img1562.jpg,Adults
Img1569.jpg,Teenagers
Img1573.jpg,Teenagers
Img1601.jpg,Teenagers
Img1612.jpg,Teenagers
Img1621.jpg,Teenagers
Img1628.jpg,Teenagers
Img1631.jpg,Teenagers
Img1647.jpg,Teenagers
Img1654.jpg,Teenagers
Img1699.jpg,Teenagers
Img1704.jpg,Teenagers
Img1716.jpg,Teenagers
Img1728.jpg,Teenagers
Img1733.jpg,Teenagers
Img1740.jpg,Teenagers
Img1746.jpg,Teenagers
Img1753.jpg,Teenagers
Img1766.jpg,Teenagers
Img1771.jpg,Teenagers
Img1776.jpg,Teenagers
Img1780.jpg,Teenagers
Img1787.jpg,Teenagers
Img1792.jpg,Teenagers
Img1794.jpg,Teenagers
Img1797.jpg,Teenagers
Img1806.jpg,Teenagers
Img1811.jpg,Teenagers
Img1819.jpg,Teenagers
Img1823.jpg,Teenagers
Img1826.jpg,Adults
Img1839.jpg,Teenagers
Img1844.jpg,Adults
Img1847.jpg,Teenagers
Img1850.jpg,Teenagers
Img1851.jpg,Adults
Img1864.jpg,Teenagers
Img1868.jpg,Teenagers
Img1872.jpg,Teenagers
Img1875.jpg,Teenagers
Img1909.jpg,Teenagers
Img1915.jpg,Adults
Img1922.jpg,Teenagers
Img1925.jpg,Teenagers
Img1928.jpg,Teenagers
Img1931.jpg,Teenagers
Img1950.jpg,Teenagers
Img1951.jpg,Teenagers
Img1955.jpg,Teenagers
Img1971.jpg,Adults
Img1981.jpg,Teenagers
Img1989.jpg,Teenagers
Img2017.jpg,Teenagers
Img2018.jpg,Teenagers
Img2040.jpg,Teenagers
Img2046.jpg,Teenagers
Img2055.jpg,Teenagers
Img2061.jpg,Teenagers
Img2073.jpg,Teenagers
Img2081.jpg,Teenagers
Img2082.jpg,Teenagers
Img2085.jpg,Teenagers
Img2090.jpg,Teenagers
Img2125.jpg,Teenagers
Img2134.jpg,Teenagers
Img2145.jpg,Teenagers
Img2151.jpg,Teenagers
Img2154.jpg,Teenagers
Img2155.jpg,Teenagers
Img2190.jpg,Adults
Img2192.jpg,Teenagers
Img2196.jpg,Teenagers
Img2216.jpg,Teenagers
Img2220.jpg,Teenagers
Img2227.jpg,Teenagers
Img2228.jpg,Teenagers
Img2229.jpg,Teenagers
Img2235.jpg,Teenagers
Img2247.jpg,Teenagers
Img2255.jpg,Adults
Img2267.jpg,Teenagers
Img2270.jpg,Teenagers
Img2286.jpg,Teenagers
Img2294.jpg,Teenagers
Img2297.jpg,Teenagers
Img2301.jpg,Teenagers
Img2307.jpg,Teenagers
Img2311.jpg,Teenagers
Img2316.jpg,Teenagers
Img2318.jpg,Teenagers
Img2351.jpg,Adults
Img2363.jpg,Adults
Img2365.jpg,Teenagers
Img2369.jpg,Adults
Img2391.jpg,Teenagers
Img2406.jpg,Teenagers
Img2420.jpg,Teenagers
Img2426.jpg,Teenagers
Img2439.jpg,Adults
Img2445.jpg,Teenagers
Img2447.jpg,Teenagers
Img2454.jpg,Teenagers
Img2455.jpg,Teenagers
Img2465.jpg,Teenagers
Img2478.jpg,Teenagers
Img2485.jpg,Teenagers
Img2501.jpg,Teenagers
Img2502.jpg,Teenagers
Img2524.jpg,Teenagers
Img2586.jpg,Teenagers
Img2602.jpg,Teenagers
Img2618.jpg,Adults
Img2629.jpg,Teenagers
Img2642.jpg,Teenagers
Img2672.jpg,Teenagers
Img2677.jpg,Teenagers
Img2685.jpg,Teenagers
Img2704.jpg,Teenagers
Img2813.jpg,Teenagers
Img2863.jpg,Teenagers
Img2885.jpg,Teenagers
Img2924.jpg,Teenagers
Img2940.jpg,Teenagers
Img2954.jpg,Teenagers
Img2967.jpg,Teenagers
Img3024.jpg,Teenagers
Img3026.jpg,Teenagers
Img3033.jpg,Teenagers
Img3034.jpg,Teenagers
Img3051.jpg,Teenagers
Img3074.jpg,Teenagers
Img3081.jpg,Teenagers
Img3096.jpg,Teenagers
Img3114.jpg,Teenagers
Img3120.jpg,Adults
Img3128.jpg,Teenagers
Img3142.jpg,Teenagers
Img3148.jpg,Teenagers
Img3171.jpg,Adults
Img3194.jpg,Teenagers
Img3211.jpg,Teenagers
Img3222.jpg,Adults
Img3247.jpg,Teenagers
Img3350.jpg,Teenagers
Img3353.jpg,Teenagers
Img3356.jpg,Adults
Img3374.jpg,Teenagers
Img3382.jpg,Teenagers
Img3413.jpg,Teenagers
Img3429.jpg,Teenagers
Img3433.jpg,Teenagers
Img3459.jpg,Adults
Img3469.jpg,Teenagers
Img3496.jpg,Teenagers
Img3550.jpg,Teenagers
Img3603.jpg,Teenagers
Img3606.jpg,Teenagers
Img3629.jpg,Teenagers
Img3633.jpg,Teenagers
Img3657.jpg,Teenagers
Img3660.jpg,Teenagers
Img3669.jpg,Teenagers
Img3687.jpg,Adults
Img3731.jpg,Teenagers
Img3740.jpg,Teenagers
Img3741.jpg,Teenagers
Img3823.jpg,Teenagers
Img3835.jpg,Teenagers
Img3881.jpg,Teenagers
Img3907.jpg,Teenagers
Img3917.jpg,Teenagers
Img3922.jpg,Teenagers
Img3931.jpg,Teenagers
Img3942.jpg,Teenagers
Img3968.jpg,Teenagers
Img3976.jpg,Teenagers
Img3978.jpg,Teenagers
Img3983.jpg,Teenagers
Img4105.jpg,Teenagers
Img4163.jpg,Teenagers
Img4179.jpg,Teenagers
Img4218.jpg,Teenagers
Img4328.jpg,Teenagers
Img4339.jpg,Teenagers
Img4513.jpg,Teenagers
Img4549.jpg,Teenagers
Img4606.jpg,Teenagers
Img4628.jpg,Teenagers
Img4834.jpg,Teenagers
Img4934.jpg,Teenagers
Img4982.jpg,Teenagers
Img5052.jpg,Teenagers
Img5066.jpg,Teenagers
Img5086.jpg,Teenagers
Img5128.jpg,Teenagers
Img5140.jpg,Teenagers
Img5148.jpg,Teenagers
Img5182.jpg,Teenagers
Img5245.jpg,Teenagers
Img5335.jpg,Teenagers
Img5336.jpg,Teenagers
Img5354.jpg,Teenagers
Img5456.jpg,Adults
Img5576.jpg,Teenagers
Img5578.jpg,Teenagers
Img5656.jpg,Teenagers
Img5667.jpg,Teenagers
Img5694.jpg,Teenagers
Img5705.jpg,Teenagers
Img5747.jpg,Teenagers
Img5768.jpg,Teenagers
Img5852.jpg,Teenagers
Img6051.jpg,Teenagers
Img6057.jpg,Teenagers
Img6068.jpg,Teenagers
Img6122.jpg,Teenagers
Img6153.jpg,Teenagers
Img6271.jpg,Teenagers
Img6290.jpg,Teenagers
Img6376.jpg,Teenagers
Img6426.jpg,Teenagers
Img6454.jpg,Teenagers
Img6458.jpg,Teenagers
Img6559.jpg,Teenagers
Img6615.jpg,Teenagers
Img6695.jpg,Teenagers
Img6871.jpg,Adults
Img6896.jpg,Teenagers
Img6949.jpg,Teenagers
Img7078.jpg,Teenagers
Img7126.jpg,Adults
Img7130.jpg,Teenagers
Img7147.jpg,Teenagers
Img7195.jpg,Teenagers
Img7243.jpg,Teenagers
Img7345.jpg,Teenagers
Img7417.jpg,Teenagers
Img7434.jpg,Teenagers
Img7560.jpg,Teenagers
Img7678.jpg,Teenagers
Img7681.jpg,Teenagers
Img7683.jpg,Teenagers
Img7862.jpg,Teenagers
Img7867.jpg,Teenagers
Img7976.jpg,Teenagers
